<?xml version="1.0" encoding="UTF-8"?>
<metadata>
  <groupId>com.google.code.gson</groupId>
  <artifactId>gson</artifactId>
  <versioning>
    <release>2.2.2</release>
    <versions>
      <version>1.0-beta1</version>
      <version>1.13</version>
      <version>11.2</version>
      <version>1.0-beta-2</version>
      <version>1.3.2</version>
      <version>1.5.4</version>
      <version>1.0</version>
      <version>2.2.8</version>
      <version>3.0</version>
      <version>1.0.1</version>
      <version>2.12.2</version>
      <version>3.7.2</version>
      <version>1.1.2</version>
      <version>1.7.5</version>
      <version>1.35</version>
      <version>2.11</version>
      <version>1.1.3</version>
      <version>17.0</version>
      <version>2.0.3</version>
      <version>1</version>
      <version>0.8.1</version>
      <version>8.4-701.jdbc3</version>
      <version>1.4</version>
      <version>3.1</version>
      <version>3.7.2-2.4</version>
      <version>1.1</version>
      <version>5.0.84</version>
      <version>0.43.1</version>
      <version>3.1.1</version>
      <version>2.9.1</version>
      <version>4.1.4</version>
      <version>1.5</version>
      <version>1.0.4</version>
      <version>1.4.1</version>
      <version>1.7</version>
      <version>2.4.1</version>
      <version>1.0.8</version>
      <version>6.1.5</version>
      <version>2.4</version>
      <version>2.2.2</version>
    </versions>
    <lastUpdated>20140814204904</lastUpdated>
  </versioning>
</metadata>
